source_url,target_url,status
https://www.markhachem.com/Hamed-ABDALLA.html,https://www.markhachem.com/artists/hamed-abdalla.html,301
https://www.markhachem.com/index.php/Hamed-ABDALLA.html,https://www.markhachem.com/artists/hamed-abdalla.html,301
https://www.markhachem.com/Hamed-Abdalla.html,https://www.markhachem.com/artists/hamed-abdalla.html,301
https://www.markhachem.com/index.php/Hamed-Abdalla.html,https://www.markhachem.com/artists/hamed-abdalla.html,301
https://www.markhachem.com/Antonio-ASIS.html,https://www.markhachem.com/artists/antonio-asis.html,301
https://www.markhachem.com/index.php/Antonio-ASIS.html,https://www.markhachem.com/artists/antonio-asis.html,301
https://www.markhachem.com/Antonio-Asis.html,https://www.markhachem.com/artists/antonio-asis.html,301
https://www.markhachem.com/index.php/Antonio-Asis.html,https://www.markhachem.com/artists/antonio-asis.html,301
https://www.markhachem.com/Dia-AZZAWI.html,https://www.markhachem.com/artists/dia-azzawi.html,301
https://www.markhachem.com/index.php/Dia-AZZAWI.html,https://www.markhachem.com/artists/dia-azzawi.html,301
https://www.markhachem.com/Dia-Azzawi.html,https://www.markhachem.com/artists/dia-azzawi.html,301
https://www.markhachem.com/index.php/Dia-Azzawi.html,https://www.markhachem.com/artists/dia-azzawi.html,301
https://www.markhachem.com/Rafael-BARRIOS.html,https://www.markhachem.com/artists/rafael-barrios.html,301
https://www.markhachem.com/index.php/Rafael-BARRIOS.html,https://www.markhachem.com/artists/rafael-barrios.html,301
https://www.markhachem.com/Rafael-Barrios.html,https://www.markhachem.com/artists/rafael-barrios.html,301
https://www.markhachem.com/index.php/Rafael-Barrios.html,https://www.markhachem.com/artists/rafael-barrios.html,301
https://www.markhachem.com/Alfred-BASBOUS.html,https://www.markhachem.com/artists/alfred-basbous.html,301
https://www.markhachem.com/index.php/Alfred-BASBOUS.html,https://www.markhachem.com/artists/alfred-basbous.html,301
https://www.markhachem.com/Alfred-Basbous.html,https://www.markhachem.com/artists/alfred-basbous.html,301
https://www.markhachem.com/index.php/Alfred-Basbous.html,https://www.markhachem.com/artists/alfred-basbous.html,301
https://www.markhachem.com/Carlos-Cruz-DIEZ.html,https://www.markhachem.com/artists/carlos-cruz-diez.html,301
https://www.markhachem.com/index.php/Carlos-Cruz-DIEZ.html,https://www.markhachem.com/artists/carlos-cruz-diez.html,301
https://www.markhachem.com/Carlos-Cruz-Diez.html,https://www.markhachem.com/artists/carlos-cruz-diez.html,301
https://www.markhachem.com/index.php/Carlos-Cruz-Diez.html,https://www.markhachem.com/artists/carlos-cruz-diez.html,301
https://www.markhachem.com/Marino-Di-TEANA.html,https://www.markhachem.com/artists/marino-di-teana.html,301
https://www.markhachem.com/index.php/Marino-Di-TEANA.html,https://www.markhachem.com/artists/marino-di-teana.html,301
https://www.markhachem.com/Marino-Di-Teana.html,https://www.markhachem.com/artists/marino-di-teana.html,301
https://www.markhachem.com/index.php/Marino-Di-Teana.html,https://www.markhachem.com/artists/marino-di-teana.html,301
https://www.markhachem.com/Paul-GUIRAGOSSIAN.html,https://www.markhachem.com/artists/paul-guiragossian.html,301
https://www.markhachem.com/index.php/Paul-GUIRAGOSSIAN.html,https://www.markhachem.com/artists/paul-guiragossian.html,301
https://www.markhachem.com/Paul-Guiragossian.html,https://www.markhachem.com/artists/paul-guiragossian.html,301
https://www.markhachem.com/index.php/Paul-Guiragossian.html,https://www.markhachem.com/artists/paul-guiragossian.html,301
https://www.markhachem.com/Philippe-HIQUILY.html,https://www.markhachem.com/artists/philippe-hiquily.html,301
https://www.markhachem.com/index.php/Philippe-HIQUILY.html,https://www.markhachem.com/artists/philippe-hiquily.html,301
https://www.markhachem.com/Philippe-Hiquily.html,https://www.markhachem.com/artists/philippe-hiquily.html,301
https://www.markhachem.com/index.php/Philippe-Hiquily.html,https://www.markhachem.com/artists/philippe-hiquily.html,301
https://www.markhachem.com/Helen-KHAL.html,https://www.markhachem.com/artists/helen-khal.html,301
https://www.markhachem.com/index.php/Helen-KHAL.html,https://www.markhachem.com/artists/helen-khal.html,301
https://www.markhachem.com/Helen-Khal.html,https://www.markhachem.com/artists/helen-khal.html,301
https://www.markhachem.com/index.php/Helen-Khal.html,https://www.markhachem.com/artists/helen-khal.html,301
https://www.markhachem.com/Jean-KHALIFE.html,https://www.markhachem.com/artists/jean-khalife.html,301
https://www.markhachem.com/index.php/Jean-KHALIFE.html,https://www.markhachem.com/artists/jean-khalife.html,301
https://www.markhachem.com/Jean-Khalife.html,https://www.markhachem.com/artists/jean-khalife.html,301
https://www.markhachem.com/index.php/Jean-Khalife.html,https://www.markhachem.com/artists/jean-khalife.html,301
https://www.markhachem.com/Wifredo-LAM.html,https://www.markhachem.com/artists/wifredo-lam.html,301
https://www.markhachem.com/index.php/Wifredo-LAM.html,https://www.markhachem.com/artists/wifredo-lam.html,301
https://www.markhachem.com/Wifredo-Lam.html,https://www.markhachem.com/artists/wifredo-lam.html,301
https://www.markhachem.com/index.php/Wifredo-Lam.html,https://www.markhachem.com/artists/wifredo-lam.html,301
https://www.markhachem.com/Julio-Le-PARC.html,https://www.markhachem.com/artists/julio-le-parc.html,301
https://www.markhachem.com/index.php/Julio-Le-PARC.html,https://www.markhachem.com/artists/julio-le-parc.html,301
https://www.markhachem.com/Julio-Le-Parc.html,https://www.markhachem.com/artists/julio-le-parc.html,301
https://www.markhachem.com/index.php/Julio-Le-Parc.html,https://www.markhachem.com/artists/julio-le-parc.html,301
https://www.markhachem.com/Hussein-MADI.html,https://www.markhachem.com/artists/hussein-madi.html,301
https://www.markhachem.com/index.php/Hussein-MADI.html,https://www.markhachem.com/artists/hussein-madi.html,301
https://www.markhachem.com/Hussein-Madi.html,https://www.markhachem.com/artists/hussein-madi.html,301
https://www.markhachem.com/index.php/Hussein-Madi.html,https://www.markhachem.com/artists/hussein-madi.html,301
https://www.markhachem.com/Roberto-MATTA.html,https://www.markhachem.com/artists/roberto-matta.html,301
https://www.markhachem.com/index.php/Roberto-MATTA.html,https://www.markhachem.com/artists/roberto-matta.html,301
https://www.markhachem.com/Roberto-Matta.html,https://www.markhachem.com/artists/roberto-matta.html,301
https://www.markhachem.com/index.php/Roberto-Matta.html,https://www.markhachem.com/artists/roberto-matta.html,301
https://www.markhachem.com/Dario-Perez-FLORES.html,https://www.markhachem.com/artists/dario-perez-flores.html,301
https://www.markhachem.com/index.php/Dario-Perez-FLORES.html,https://www.markhachem.com/artists/dario-perez-flores.html,301
https://www.markhachem.com/Dario-Perez-Flores.html,https://www.markhachem.com/artists/dario-perez-flores.html,301
https://www.markhachem.com/index.php/Dario-Perez-Flores.html,https://www.markhachem.com/artists/dario-perez-flores.html,301
https://www.markhachem.com/Jesus-Rafael-SOTO.html,https://www.markhachem.com/artists/jesus-rafael-soto.html,301
https://www.markhachem.com/index.php/Jesus-Rafael-SOTO.html,https://www.markhachem.com/artists/jesus-rafael-soto.html,301
https://www.markhachem.com/Jesus-Rafael-Soto.html,https://www.markhachem.com/artists/jesus-rafael-soto.html,301
https://www.markhachem.com/index.php/Jesus-Rafael-Soto.html,https://www.markhachem.com/artists/jesus-rafael-soto.html,301
https://www.markhachem.com/Gregorio-VARDANEGA.html,https://www.markhachem.com/artists/gregorio-vardanega.html,301
https://www.markhachem.com/index.php/Gregorio-VARDANEGA.html,https://www.markhachem.com/artists/gregorio-vardanega.html,301
https://www.markhachem.com/Gregorio-Vardanega.html,https://www.markhachem.com/artists/gregorio-vardanega.html,301
https://www.markhachem.com/index.php/Gregorio-Vardanega.html,https://www.markhachem.com/artists/gregorio-vardanega.html,301
https://www.markhachem.com/Victor-VASARELY.html,https://www.markhachem.com/artists/victor-vasarely.html,301
https://www.markhachem.com/index.php/Victor-VASARELY.html,https://www.markhachem.com/artists/victor-vasarely.html,301
https://www.markhachem.com/Victor-Vasarely.html,https://www.markhachem.com/artists/victor-vasarely.html,301
https://www.markhachem.com/index.php/Victor-Vasarely.html,https://www.markhachem.com/artists/victor-vasarely.html,301
https://www.markhachem.com/Franco-ADAMI.html,https://www.markhachem.com/artists/franco-adami.html,301
https://www.markhachem.com/index.php/Franco-ADAMI.html,https://www.markhachem.com/artists/franco-adami.html,301
https://www.markhachem.com/Franco-Adami.html,https://www.markhachem.com/artists/franco-adami.html,301
https://www.markhachem.com/index.php/Franco-Adami.html,https://www.markhachem.com/artists/franco-adami.html,301
https://www.markhachem.com/Ben-ABOUNASSIF.html,https://www.markhachem.com/artists/ben-abounassif.html,301
https://www.markhachem.com/index.php/Ben-ABOUNASSIF.html,https://www.markhachem.com/artists/ben-abounassif.html,301
https://www.markhachem.com/Ben-Abou-Nassif.html,https://www.markhachem.com/artists/ben-abounassif.html,301
https://www.markhachem.com/index.php/Ben-Abou-Nassif.html,https://www.markhachem.com/artists/ben-abounassif.html,301
https://www.markhachem.com/Ben-Abounassif.html,https://www.markhachem.com/artists/ben-abounassif.html,301
https://www.markhachem.com/index.php/Ben-Abounassif.html,https://www.markhachem.com/artists/ben-abounassif.html,301
https://www.markhachem.com/Shadi-ABOUSADA.html,https://www.markhachem.com/artists/shadi-abousada.html,301
https://www.markhachem.com/index.php/Shadi-ABOUSADA.html,https://www.markhachem.com/artists/shadi-abousada.html,301
https://www.markhachem.com/Shadi-Abousada.html,https://www.markhachem.com/artists/shadi-abousada.html,301
https://www.markhachem.com/index.php/Shadi-Abousada.html,https://www.markhachem.com/artists/shadi-abousada.html,301
https://www.markhachem.com/Thomas-AGRINIER.html,https://www.markhachem.com/artists/thomas-agrinier.html,301
https://www.markhachem.com/index.php/Thomas-AGRINIER.html,https://www.markhachem.com/artists/thomas-agrinier.html,301
https://www.markhachem.com/Thomas-Agrinier.html,https://www.markhachem.com/artists/thomas-agrinier.html,301
https://www.markhachem.com/index.php/Thomas-Agrinier.html,https://www.markhachem.com/artists/thomas-agrinier.html,301
https://www.markhachem.com/Ihab-AHMAD.html,https://www.markhachem.com/artists/ihab-ahmad.html,301
https://www.markhachem.com/index.php/Ihab-AHMAD.html,https://www.markhachem.com/artists/ihab-ahmad.html,301
https://www.markhachem.com/Ihab-Ahmad.html,https://www.markhachem.com/artists/ihab-ahmad.html,301
https://www.markhachem.com/index.php/Ihab-Ahmad.html,https://www.markhachem.com/artists/ihab-ahmad.html,301
https://www.markhachem.com/Carlos-AGUSTIN.html,https://www.markhachem.com/artists/carlos-agustin.html,301
https://www.markhachem.com/index.php/Carlos-AGUSTIN.html,https://www.markhachem.com/artists/carlos-agustin.html,301
https://www.markhachem.com/Carlos-Agustin.html,https://www.markhachem.com/artists/carlos-agustin.html,301
https://www.markhachem.com/index.php/Carlos-Agustin.html,https://www.markhachem.com/artists/carlos-agustin.html,301
https://www.markhachem.com/Hussein-BAALBAKI.html,https://www.markhachem.com/artists/hussein-baalbaki.html,301
https://www.markhachem.com/index.php/Hussein-BAALBAKI.html,https://www.markhachem.com/artists/hussein-baalbaki.html,301
https://www.markhachem.com/Hussein-Baalbaki.html,https://www.markhachem.com/artists/hussein-baalbaki.html,301
https://www.markhachem.com/index.php/Hussein-Baalbaki.html,https://www.markhachem.com/artists/hussein-baalbaki.html,301
https://www.markhachem.com/Ghazi-BAKER.html,https://www.markhachem.com/artists/ghazi-baker.html,301
https://www.markhachem.com/index.php/Ghazi-BAKER.html,https://www.markhachem.com/artists/ghazi-baker.html,301
https://www.markhachem.com/Ghazi-Baker.html,https://www.markhachem.com/artists/ghazi-baker.html,301
https://www.markhachem.com/index.php/Ghazi-Baker.html,https://www.markhachem.com/artists/ghazi-baker.html,301
https://www.markhachem.com/Michel-BASSOMPIERRE.html,https://www.markhachem.com/artists/michel-bassompierre.html,301
https://www.markhachem.com/index.php/Michel-BASSOMPIERRE.html,https://www.markhachem.com/artists/michel-bassompierre.html,301
https://www.markhachem.com/Michel-Bassompierre.html,https://www.markhachem.com/artists/michel-bassompierre.html,301
https://www.markhachem.com/index.php/Michel-Bassompierre.html,https://www.markhachem.com/artists/michel-bassompierre.html,301
https://www.markhachem.com/Chaouki-CHAMOUN.html,https://www.markhachem.com/artists/chaouki-chamoun.html,301
https://www.markhachem.com/index.php/Chaouki-CHAMOUN.html,https://www.markhachem.com/artists/chaouki-chamoun.html,301
https://www.markhachem.com/Chaouki-Chamoun.html,https://www.markhachem.com/artists/chaouki-chamoun.html,301
https://www.markhachem.com/index.php/Chaouki-Chamoun.html,https://www.markhachem.com/artists/chaouki-chamoun.html,301
https://www.markhachem.com/Mauro-CORDA.html,https://www.markhachem.com/artists/mauro-corda.html,301
https://www.markhachem.com/index.php/Mauro-CORDA.html,https://www.markhachem.com/artists/mauro-corda.html,301
https://www.markhachem.com/Mauro-Corda.html,https://www.markhachem.com/artists/mauro-corda.html,301
https://www.markhachem.com/index.php/Mauro-Corda.html,https://www.markhachem.com/artists/mauro-corda.html,301
https://www.markhachem.com/Yann-CRENN.html,https://www.markhachem.com/artists/yann-crenn.html,301
https://www.markhachem.com/index.php/Yann-CRENN.html,https://www.markhachem.com/artists/yann-crenn.html,301
https://www.markhachem.com/Yann-Crenn.html,https://www.markhachem.com/artists/yann-crenn.html,301
https://www.markhachem.com/index.php/Yann-Crenn.html,https://www.markhachem.com/artists/yann-crenn.html,301
https://www.markhachem.com/Fatima-El-HAJJ.html,https://www.markhachem.com/artists/fatima-el-hajj.html,301
https://www.markhachem.com/index.php/Fatima-El-HAJJ.html,https://www.markhachem.com/artists/fatima-el-hajj.html,301
https://www.markhachem.com/Fatima-El-Hajj.html,https://www.markhachem.com/artists/fatima-el-hajj.html,301
https://www.markhachem.com/index.php/Fatima-El-Hajj.html,https://www.markhachem.com/artists/fatima-el-hajj.html,301
https://www.markhachem.com/Daphne-GLASMACHER.html,https://www.markhachem.com/artists/daphne-glasmacher.html,301
https://www.markhachem.com/index.php/Daphne-GLASMACHER.html,https://www.markhachem.com/artists/daphne-glasmacher.html,301
https://www.markhachem.com/Daphne-Glasmacher.html,https://www.markhachem.com/artists/daphne-glasmacher.html,301
https://www.markhachem.com/index.php/Daphne-Glasmacher.html,https://www.markhachem.com/artists/daphne-glasmacher.html,301
https://www.markhachem.com/Marc-GUIRAGOSSIAN.html,https://www.markhachem.com/artists/marc-guiragossian.html,301
https://www.markhachem.com/index.php/Marc-GUIRAGOSSIAN.html,https://www.markhachem.com/artists/marc-guiragossian.html,301
https://www.markhachem.com/Marc-Guiragossian.html,https://www.markhachem.com/artists/marc-guiragossian.html,301
https://www.markhachem.com/index.php/Marc-Guiragossian.html,https://www.markhachem.com/artists/marc-guiragossian.html,301
https://www.markhachem.com/Yves-HAYAT.html,https://www.markhachem.com/artists/yves-hayat.html,301
https://www.markhachem.com/index.php/Yves-HAYAT.html,https://www.markhachem.com/artists/yves-hayat.html,301
https://www.markhachem.com/Yves-Hayat.html,https://www.markhachem.com/artists/yves-hayat.html,301
https://www.markhachem.com/index.php/Yves-Hayat.html,https://www.markhachem.com/artists/yves-hayat.html,301
https://www.markhachem.com/Nadim-KARAM.html,https://www.markhachem.com/artists/nadim-karam.html,301
https://www.markhachem.com/index.php/Nadim-KARAM.html,https://www.markhachem.com/artists/nadim-karam.html,301
https://www.markhachem.com/Nadim-Karam.html,https://www.markhachem.com/artists/nadim-karam.html,301
https://www.markhachem.com/index.php/Nadim-Karam.html,https://www.markhachem.com/artists/nadim-karam.html,301
https://www.markhachem.com/Alois-KRONSCHLAEGER.html,https://www.markhachem.com/artists/alois-kronschlaeger.html,301
https://www.markhachem.com/index.php/Alois-KRONSCHLAEGER.html,https://www.markhachem.com/artists/alois-kronschlaeger.html,301
https://www.markhachem.com/Alois-Kronschlaeger.html,https://www.markhachem.com/artists/alois-kronschlaeger.html,301
https://www.markhachem.com/index.php/Alois-Kronschlaeger.html,https://www.markhachem.com/artists/alois-kronschlaeger.html,301
https://www.markhachem.com/Nedim-KUFI.html,https://www.markhachem.com/artists/nedim-kufi.html,301
https://www.markhachem.com/index.php/Nedim-KUFI.html,https://www.markhachem.com/artists/nedim-kufi.html,301
https://www.markhachem.com/Nedim-Kufi.html,https://www.markhachem.com/artists/nedim-kufi.html,301
https://www.markhachem.com/index.php/Nedim-Kufi.html,https://www.markhachem.com/artists/nedim-kufi.html,301
https://www.markhachem.com/Jose-MARGULIS.html,https://www.markhachem.com/artists/jose-margulis.html,301
https://www.markhachem.com/index.php/Jose-MARGULIS.html,https://www.markhachem.com/artists/jose-margulis.html,301
https://www.markhachem.com/Jose-Margulis.html,https://www.markhachem.com/artists/jose-margulis.html,301
https://www.markhachem.com/index.php/Jose-Margulis.html,https://www.markhachem.com/artists/jose-margulis.html,301
https://www.markhachem.com/Marck.html,https://www.markhachem.com/artists/marck.html,301
https://www.markhachem.com/index.php/Marck.html,https://www.markhachem.com/artists/marck.html,301
https://www.markhachem.com/Ouissam-MELHEM.html,https://www.markhachem.com/artists/ouissam-melhem.html,301
https://www.markhachem.com/index.php/Ouissam-MELHEM.html,https://www.markhachem.com/artists/ouissam-melhem.html,301
https://www.markhachem.com/Ouissam-Melhem.html,https://www.markhachem.com/artists/ouissam-melhem.html,301
https://www.markhachem.com/index.php/Ouissam-Melhem.html,https://www.markhachem.com/artists/ouissam-melhem.html,301
https://www.markhachem.com/Georges-MERHEB.html,https://www.markhachem.com/artists/georges-merheb.html,301
https://www.markhachem.com/index.php/Georges-MERHEB.html,https://www.markhachem.com/artists/georges-merheb.html,301
https://www.markhachem.com/Georges-Merheb.html,https://www.markhachem.com/artists/georges-merheb.html,301
https://www.markhachem.com/index.php/Georges-Merheb.html,https://www.markhachem.com/artists/georges-merheb.html,301
https://www.markhachem.com/Yoshiyuki-MIURA.html,https://www.markhachem.com/artists/yoshiyuki-miura.html,301
https://www.markhachem.com/index.php/Yoshiyuki-MIURA.html,https://www.markhachem.com/artists/yoshiyuki-miura.html,301
https://www.markhachem.com/Yoshiyuki-Miura.html,https://www.markhachem.com/artists/yoshiyuki-miura.html,301
https://www.markhachem.com/index.php/Yoshiyuki-Miura.html,https://www.markhachem.com/artists/yoshiyuki-miura.html,301
https://www.markhachem.com/Ahmad-MOUALLA.html,https://www.markhachem.com/artists/ahmad-moualla.html,301
https://www.markhachem.com/index.php/Ahmad-MOUALLA.html,https://www.markhachem.com/artists/ahmad-moualla.html,301
https://www.markhachem.com/Ahmad-Moualla.html,https://www.markhachem.com/artists/ahmad-moualla.html,301
https://www.markhachem.com/index.php/Ahmad-Moualla.html,https://www.markhachem.com/artists/ahmad-moualla.html,301
https://www.markhachem.com/Yasmina-NYSTEN.html,https://www.markhachem.com/artists/yasmina-nysten.html,301
https://www.markhachem.com/index.php/Yasmina-NYSTEN.html,https://www.markhachem.com/artists/yasmina-nysten.html,301
https://www.markhachem.com/Yasmina-Nysten.html,https://www.markhachem.com/artists/yasmina-nysten.html,301
https://www.markhachem.com/index.php/Yasmina-Nysten.html,https://www.markhachem.com/artists/yasmina-nysten.html,301
https://www.markhachem.com/Stephen-PEIRCE.html,https://www.markhachem.com/artists/stephen-peirce.html,301
https://www.markhachem.com/index.php/Stephen-PEIRCE.html,https://www.markhachem.com/artists/stephen-peirce.html,301
https://www.markhachem.com/Stephen-Peirce.html,https://www.markhachem.com/artists/stephen-peirce.html,301
https://www.markhachem.com/index.php/Stephen-Peirce.html,https://www.markhachem.com/artists/stephen-peirce.html,301
https://www.markhachem.com/Polles.html,https://www.markhachem.com/artists/polles.html,301
https://www.markhachem.com/index.php/Polles.html,https://www.markhachem.com/artists/polles.html,301
https://www.markhachem.com/Mathias-SCHMIED.html,https://www.markhachem.com/artists/mathias-schmied.html,301
https://www.markhachem.com/index.php/Mathias-SCHMIED.html,https://www.markhachem.com/artists/mathias-schmied.html,301
https://www.markhachem.com/Mathias-Schmied.html,https://www.markhachem.com/artists/mathias-schmied.html,301
https://www.markhachem.com/index.php/Mathias-Schmied.html,https://www.markhachem.com/artists/mathias-schmied.html,301
https://www.markhachem.com/Sara-SHAMMA.html,https://www.markhachem.com/artists/sara-shamma.html,301
https://www.markhachem.com/index.php/Sara-SHAMMA.html,https://www.markhachem.com/artists/sara-shamma.html,301
https://www.markhachem.com/Sara-Shamma.html,https://www.markhachem.com/artists/sara-shamma.html,301
https://www.markhachem.com/index.php/Sara-Shamma.html,https://www.markhachem.com/artists/sara-shamma.html,301
https://www.markhachem.com/Shawn-SMITH.html,https://www.markhachem.com/artists/shawn-smith.html,301
https://www.markhachem.com/index.php/Shawn-SMITH.html,https://www.markhachem.com/artists/shawn-smith.html,301
https://www.markhachem.com/Shawn-Smith.html,https://www.markhachem.com/artists/shawn-smith.html,301
https://www.markhachem.com/index.php/Shawn-Smith.html,https://www.markhachem.com/artists/shawn-smith.html,301
https://www.markhachem.com/Son-SEOCK.html,https://www.markhachem.com/artists/son-seock.html,301
https://www.markhachem.com/index.php/Son-SEOCK.html,https://www.markhachem.com/artists/son-seock.html,301
https://www.markhachem.com/Son-Seock.html,https://www.markhachem.com/artists/son-seock.html,301
https://www.markhachem.com/index.php/Son-Seock.html,https://www.markhachem.com/artists/son-seock.html,301
https://www.markhachem.com/Wolfgang-STILLER.html,https://www.markhachem.com/artists/wolfgang-stiller.html,301
https://www.markhachem.com/index.php/Wolfgang-STILLER.html,https://www.markhachem.com/artists/wolfgang-stiller.html,301
https://www.markhachem.com/Wolfgang-Stiller.html,https://www.markhachem.com/artists/wolfgang-stiller.html,301
https://www.markhachem.com/index.php/Wolfgang-Stiller.html,https://www.markhachem.com/artists/wolfgang-stiller.html,301
https://www.markhachem.com/Missak-TERZIAN.html,https://www.markhachem.com/artists/missak-terzian.html,301
https://www.markhachem.com/index.php/Missak-TERZIAN.html,https://www.markhachem.com/artists/missak-terzian.html,301
https://www.markhachem.com/Missak-Terzian.html,https://www.markhachem.com/artists/missak-terzian.html,301
https://www.markhachem.com/index.php/Missak-Terzian.html,https://www.markhachem.com/artists/missak-terzian.html,301
https://www.markhachem.com/Raffi-YEDALIAN.html,https://www.markhachem.com/artists/raffi-yedalian.html,301
https://www.markhachem.com/index.php/Raffi-YEDALIAN.html,https://www.markhachem.com/artists/raffi-yedalian.html,301
https://www.markhachem.com/Raffi-Yedalian.html,https://www.markhachem.com/artists/raffi-yedalian.html,301
https://www.markhachem.com/index.php/Raffi-Yedalian.html,https://www.markhachem.com/artists/raffi-yedalian.html,301
https://www.markhachem.com/Agenore-Fabbri.html,https://www.markhachem.com/artists.html,301
https://www.markhachem.com/index.php/Agenore-Fabbri.html,https://www.markhachem.com/artists.html,301
https://www.markhachem.com/Arman.html,https://www.markhachem.com/artists.html,301
https://www.markhachem.com/index.php/Arman.html,https://www.markhachem.com/artists.html,301
https://www.markhachem.com/Cesar-Andrade.html,https://www.markhachem.com/artists.html,301
https://www.markhachem.com/index.php/Cesar-Andrade.html,https://www.markhachem.com/artists.html,301
https://www.markhachem.com/César-Andrade.html,https://www.markhachem.com/artists.html,301
https://www.markhachem.com/index.php/César-Andrade.html,https://www.markhachem.com/artists.html,301
https://www.markhachem.com/Claude-Gilli.html,https://www.markhachem.com/artists.html,301
https://www.markhachem.com/index.php/Claude-Gilli.html,https://www.markhachem.com/artists.html,301
https://www.markhachem.com/Leila-Nseir.html,https://www.markhachem.com/artists.html,301
https://www.markhachem.com/index.php/Leila-Nseir.html,https://www.markhachem.com/artists.html,301
https://www.markhachem.com/Anibal-Vallejo.html,https://www.markhachem.com/artists.html,301
https://www.markhachem.com/index.php/Anibal-Vallejo.html,https://www.markhachem.com/artists.html,301
https://www.markhachem.com/Athier-Mousawi.html,https://www.markhachem.com/artists.html,301
https://www.markhachem.com/index.php/Athier-Mousawi.html,https://www.markhachem.com/artists.html,301
https://www.markhachem.com/Giselle-Borras.html,https://www.markhachem.com/artists.html,301
https://www.markhachem.com/index.php/Giselle-Borras.html,https://www.markhachem.com/artists.html,301
https://www.markhachem.com/James-Chedburn.html,https://www.markhachem.com/artists.html,301
https://www.markhachem.com/index.php/James-Chedburn.html,https://www.markhachem.com/artists.html,301
https://www.markhachem.com/Laila-Shawa.html,https://www.markhachem.com/artists.html,301
https://www.markhachem.com/index.php/Laila-Shawa.html,https://www.markhachem.com/artists.html,301
https://www.markhachem.com/Leo-Caillard.html,https://www.markhachem.com/artists.html,301
https://www.markhachem.com/index.php/Leo-Caillard.html,https://www.markhachem.com/artists.html,301
https://www.markhachem.com/Léo-Caillard.html,https://www.markhachem.com/artists.html,301
https://www.markhachem.com/index.php/Léo-Caillard.html,https://www.markhachem.com/artists.html,301
https://www.markhachem.com/Maysaloun-Faraj.html,https://www.markhachem.com/artists.html,301
https://www.markhachem.com/index.php/Maysaloun-Faraj.html,https://www.markhachem.com/artists.html,301
https://www.markhachem.com/Michelangelo-Bastiani.html,https://www.markhachem.com/artists.html,301
https://www.markhachem.com/index.php/Michelangelo-Bastiani.html,https://www.markhachem.com/artists.html,301
https://www.markhachem.com/Victor-Ekpuk.html,https://www.markhachem.com/artists.html,301
https://www.markhachem.com/index.php/Victor-Ekpuk.html,https://www.markhachem.com/artists.html,301
https://www.markhachem.com/Yves-Ullens.html,https://www.markhachem.com/artists.html,301
https://www.markhachem.com/index.php/Yves-Ullens.html,https://www.markhachem.com/artists.html,301
https://www.markhachem.com/Oriano-Galloni.html,https://www.markhachem.com/artists.html,301
https://www.markhachem.com/index.php/Oriano-Galloni.html,https://www.markhachem.com/artists.html,301
https://www.markhachem.com/Bence-Bakonyi.html,https://www.markhachem.com/artists.html,301
https://www.markhachem.com/index.php/Bence-Bakonyi.html,https://www.markhachem.com/artists.html,301
https://www.markhachem.com/Emile-Morel.html,https://www.markhachem.com/artists.html,301
https://www.markhachem.com/index.php/Emile-Morel.html,https://www.markhachem.com/artists.html,301
https://www.markhachem.com/Nacer.html,https://www.markhachem.com/artists.html,301
https://www.markhachem.com/index.php/Nacer.html,https://www.markhachem.com/artists.html,301
https://www.markhachem.com/Nasr-eddine-Bennacer.html,https://www.markhachem.com/artists.html,301
https://www.markhachem.com/index.php/Nasr-eddine-Bennacer.html,https://www.markhachem.com/artists.html,301
https://www.markhachem.com/modern.html,https://www.markhachem.com/artists.html,301
https://www.markhachem.com/index.php/modern.html,https://www.markhachem.com/artists.html,301
https://www.markhachem.com/contemporary.html,https://www.markhachem.com/artists.html,301
https://www.markhachem.com/index.php/contemporary.html,https://www.markhachem.com/artists.html,301
https://www.markhachem.com/kinetic.html,https://www.markhachem.com/artists.html,301
https://www.markhachem.com/index.php/kinetic.html,https://www.markhachem.com/artists.html,301
https://www.markhachem.com/artistsmodern.html,https://www.markhachem.com/artists.html,301
https://www.markhachem.com/index.php/artistsmodern.html,https://www.markhachem.com/artists.html,301
https://www.markhachem.com/artistscontemporary.html,https://www.markhachem.com/artists.html,301
https://www.markhachem.com/index.php/artistscontemporary.html,https://www.markhachem.com/artists.html,301
https://www.markhachem.com/exhibitions/exhibitions-previous.html,https://www.markhachem.com/exhibitions.html,301
https://www.markhachem.com/exhibitions/exhibitions-current.html,https://www.markhachem.com/exhibitions.html,301
https://www.markhachem.com/exhibitions/exhibitions-upcoming.html,https://www.markhachem.com/exhibitions.html,301
https://www.markhachem.com/index.php/exhibitionspreviouss,https://www.markhachem.com/exhibitions.html,301
https://www.markhachem.com/index.php/exhibitionscurrentss,https://www.markhachem.com/exhibitions.html,301
https://www.markhachem.com/index.php/exhibitionsupcomingss,https://www.markhachem.com/exhibitions.html,301
https://www.markhachem.com/exhibitionspreviouss,https://www.markhachem.com/exhibitions.html,301
https://www.markhachem.com/exhibitionscurrentss,https://www.markhachem.com/exhibitions.html,301
https://www.markhachem.com/exhibitionsupcomingss,https://www.markhachem.com/exhibitions.html,301
https://www.markhachem.com/fairs/fairs-current.html,https://www.markhachem.com/index.html#fairs,301
https://www.markhachem.com/fairs/fairs-upcoming.html,https://www.markhachem.com/index.html#fairs,301
https://www.markhachem.com/fairs/fairs-previous.html,https://www.markhachem.com/index.html#fairs,301
https://www.markhachem.com/fairsspreviousss,https://www.markhachem.com/index.html#fairs,301
https://www.markhachem.com/fairsscurrentss,https://www.markhachem.com/index.html#fairs,301
https://www.markhachem.com/fairssupcomingss,https://www.markhachem.com/index.html#fairs,301
https://www.markhachem.com/index.php/fairsspreviousss,https://www.markhachem.com/index.html#fairs,301
https://www.markhachem.com/index.php/fairsscurrentss,https://www.markhachem.com/index.html#fairs,301
https://www.markhachem.com/index.php/fairssupcomingss,https://www.markhachem.com/index.html#fairs,301
https://www.markhachem.com/index.php/contact-us.html,https://www.markhachem.com/index.html#contact,301
https://www.markhachem.com/contact-us.html,https://www.markhachem.com/index.html#contact,301
https://www.markhachem.com/index.php/press.html,https://www.markhachem.com/index.html,301
https://www.markhachem.com/press.html,https://www.markhachem.com/index.html,301
https://www.markhachem.com/index.php/Lost-password.html,https://www.markhachem.com/index.html,301
https://www.markhachem.com/Lost-password.html,https://www.markhachem.com/index.html,301
https://www.markhachem.com/index.php/about.html,https://www.markhachem.com/index.html#about,301
https://www.markhachem.com/about.html,https://www.markhachem.com/index.html#about,301
https://www.markhachem.com/index.php/collection.html,https://www.markhachem.com/index.html#collection,301
https://www.markhachem.com/collection.html,https://www.markhachem.com/index.html#collection,301
https://www.markhachem.com/index.php,https://www.markhachem.com/,301
